[{"model": "contenttypes.contenttype", "pk": 1, "fields": {"app_label": "admin", "model": "logentry"}}, {"model": "contenttypes.contenttype", "pk": 2, "fields": {"app_label": "auth", "model": "permission"}}, {"model": "contenttypes.contenttype", "pk": 3, "fields": {"app_label": "auth", "model": "group"}}, {"model": "contenttypes.contenttype", "pk": 4, "fields": {"app_label": "contenttypes", "model": "contenttype"}}, {"model": "contenttypes.contenttype", "pk": 5, "fields": {"app_label": "sessions", "model": "session"}}, {"model": "contenttypes.contenttype", "pk": 6, "fields": {"app_label": "authtoken", "model": "token"}}, {"model": "contenttypes.contenttype", "pk": 7, "fields": {"app_label": "authtoken", "model": "tokenproxy"}}, {"model": "contenttypes.contenttype", "pk": 8, "fields": {"app_label": "recipes", "model": "ingredient"}}, {"model": "contenttypes.contenttype", "pk": 9, "fields": {"app_label": "recipes", "model": "ingredientrecipe"}}, {"model": "contenttypes.contenttype", "pk": 10, "fields": {"app_label": "recipes", "model": "recipe"}}, {"model": "contenttypes.contenttype", "pk": 11, "fields": {"app_label": "recipes", "model": "tag"}}, {"model": "contenttypes.contenttype", "pk": 12, "fields": {"app_label": "users", "model": "user"}}, {"model": "sessions.session", "pk": "3eruws3ba6zg73wnpkl45ewnrq3d6tw4", "fields": {"session_data": "MmZhZGViMDYxZWJmOTgzYTZhMzNlZjZkZWZjOTE2ZGEyZmQyZmY5ZTp7Il9hdXRoX3VzZXJfaWQiOiIxIiwiX2F1dGhfdXNlcl9iYWNrZW5kIjoiZGphbmdvLmNvbnRyaWIuYXV0aC5iYWNrZW5kcy5Nb2RlbEJhY2tlbmQiLCJfYXV0aF91c2VyX2hhc2giOiI5YjkwM2ZmYTU1OGNlNDNjMmJiNTQ3YWE2YjIwYjYzNWRkNjFmMjQzIn0=", "expire_date": "2022-04-01T17:44:57.057Z"}}, {"model": "sessions.session", "pk": "5g9chjh960wp4wdes1wt9nesirsohb45", "fields": {"session_data": "OGFjNDQxZTA2ZGMyZGY1MDg1NzMyMDYxNjczZWY4OWUwYjYxYTRjNjp7Il9hdXRoX3VzZXJfaWQiOiIxIiwiX2F1dGhfdXNlcl9iYWNrZW5kIjoiZGphbmdvLmNvbnRyaWIuYXV0aC5iYWNrZW5kcy5Nb2RlbEJhY2tlbmQiLCJfYXV0aF91c2VyX2hhc2giOiJjM2I1OTFiNmI2ZWMxZTc5ZTMzYmYzZGYwODBjOTRjMjYwZDAxMzY2In0=", "expire_date": "2022-04-07T23:18:41.990Z"}}, {"model": "sessions.session", "pk": "a7yqf3cdinphzbt83holjo5x4iwxhvls", "fields": {"session_data": "OGFjNDQxZTA2ZGMyZGY1MDg1NzMyMDYxNjczZWY4OWUwYjYxYTRjNjp7Il9hdXRoX3VzZXJfaWQiOiIxIiwiX2F1dGhfdXNlcl9iYWNrZW5kIjoiZGphbmdvLmNvbnRyaWIuYXV0aC5iYWNrZW5kcy5Nb2RlbEJhY2tlbmQiLCJfYXV0aF91c2VyX2hhc2giOiJjM2I1OTFiNmI2ZWMxZTc5ZTMzYmYzZGYwODBjOTRjMjYwZDAxMzY2In0=", "expire_date": "2022-04-07T22:57:51.153Z"}}, {"model": "sessions.session", "pk": "kkiwglcsospe0zq8m483jkzjo7nj4k23", "fields": {"session_data": "ZmUxY2JhODJmZDEzMzQ5Mzg1YTk2M2IxZWExN2RmMTFlODc2YWMxNDp7Il9hdXRoX3VzZXJfaWQiOiIxIiwiX2F1dGhfdXNlcl9iYWNrZW5kIjoiZGphbmdvLmNvbnRyaWIuYXV0aC5iYWNrZW5kcy5Nb2RlbEJhY2tlbmQiLCJfYXV0aF91c2VyX2hhc2giOiIxNmUwYWE2YjFkMTY1ZWYxODdiMWUxZGY3Y2RjODkwNDM3NjI4N2MzIn0=", "expire_date": "2022-03-30T15:24:04.622Z"}}, {"model": "sessions.session", "pk": "kwbu5diwoarq1ab7n1f1lnry036u6ovp", "fields": {"session_data": "MmZhZGViMDYxZWJmOTgzYTZhMzNlZjZkZWZjOTE2ZGEyZmQyZmY5ZTp7Il9hdXRoX3VzZXJfaWQiOiIxIiwiX2F1dGhfdXNlcl9iYWNrZW5kIjoiZGphbmdvLmNvbnRyaWIuYXV0aC5iYWNrZW5kcy5Nb2RlbEJhY2tlbmQiLCJfYXV0aF91c2VyX2hhc2giOiI5YjkwM2ZmYTU1OGNlNDNjMmJiNTQ3YWE2YjIwYjYzNWRkNjFmMjQzIn0=", "expire_date": "2022-03-29T21:53:04.998Z"}}, {"model": "sessions.session", "pk": "u3ul2n3q6h0fsjb8bemr2w30geahh31t", "fields": {"session_data": "OGFjNDQxZTA2ZGMyZGY1MDg1NzMyMDYxNjczZWY4OWUwYjYxYTRjNjp7Il9hdXRoX3VzZXJfaWQiOiIxIiwiX2F1dGhfdXNlcl9iYWNrZW5kIjoiZGphbmdvLmNvbnRyaWIuYXV0aC5iYWNrZW5kcy5Nb2RlbEJhY2tlbmQiLCJfYXV0aF91c2VyX2hhc2giOiJjM2I1OTFiNmI2ZWMxZTc5ZTMzYmYzZGYwODBjOTRjMjYwZDAxMzY2In0=", "expire_date": "2022-04-02T19:04:51.682Z"}}, {"model": "recipes.tag", "pk": 1, "fields": {"name": "\u0417\u0430\u0432\u0442\u0440\u0430\u043a", "color": "#008080", "slug": "zavtrak"}}, {"model": "recipes.tag", "pk": 2, "fields": {"name": "\u041e\u0431\u0435\u0434", "color": "#FF6600", "slug": "obed"}}, {"model": "recipes.tag", "pk": 3, "fields": {"name": "\u0423\u0436\u0438\u043d", "color": "#FFFF00", "slug": "uzhin"}}, {"model": "recipes.ingredient", "pk": 1, "fields": {"name": "\u041a\u0430\u0440\u0442\u043e\u0448\u043a\u0430", "count": 10, "measurement_unit": "\u043a\u0433"}}, {"model": "recipes.ingredient", "pk": 2, "fields": {"name": "\u041b\u0443\u043a", "count": 20, "measurement_unit": "\u043a\u0433"}}, {"model": "recipes.ingredient", "pk": 3, "fields": {"name": "\u0412\u043e\u0434\u0430", "count": 10, "measurement_unit": "\u043b\u0438\u0442\u0440\u044b"}}, {"model": "recipes.ingredient", "pk": 4, "fields": {"name": "\u0427\u0435\u0441\u043d\u043e\u043a", "count": 5, "measurement_unit": "\u0433\u0440\u0430\u043c\u043c"}}, {"model": "recipes.ingredient", "pk": 5, "fields": {"name": "\u0421\u043e\u0434\u0430", "count": 10, "measurement_unit": "\u0433\u0440\u0430\u043c\u043c"}}, {"model": "recipes.ingredient", "pk": 6, "fields": {"name": "\u041a\u0430\u0440\u0442\u043e\u0448\u043a\u0430", "count": 10, "measurement_unit": "\u043a\u0433"}}, {"model": "recipes.ingredient", "pk": 7, "fields": {"name": "\u0421\u043e\u043b\u044c", "count": 10, "measurement_unit": "\u0433\u0440\u0430\u043c\u043c"}}, {"model": "recipes.ingredient", "pk": 8, "fields": {"name": "\u042f\u0439\u0446\u0430", "count": 2, "measurement_unit": "\u0448\u0442"}}, {"model": "recipes.ingredient", "pk": 9, "fields": {"name": "\u0423\u043a\u0440\u043e\u043f", "count": 10, "measurement_unit": "\u0433\u0440\u0430\u043c\u043c"}}, {"model": "recipes.ingredient", "pk": 10, "fields": {"name": "\u041f\u0435\u0442\u0440\u0443\u0448\u043a\u0430", "count": 30, "measurement_unit": "\u0433\u0440\u0430\u043c\u043c"}}, {"model": "recipes.ingredient", "pk": 11, "fields": {"name": "\u041c\u0443\u043a\u0430", "count": 20, "measurement_unit": "\u0433\u0440\u0430\u043c\u043c"}}, {"model": "recipes.ingredient", "pk": 12, "fields": {"name": "\u041c\u0443\u043a\u0430", "count": 20, "measurement_unit": "\u0433\u0440\u0430\u043c\u043c"}}, {"model": "recipes.ingredient", "pk": 13, "fields": {"name": "\u041a\u043e\u043b\u0431\u0430\u0441\u0430", "count": 200, "measurement_unit": "\u0433\u0440\u0430\u043c\u043c"}}, {"model": "recipes.ingredient", "pk": 14, "fields": {"name": "\u0421\u044b\u0440", "count": 200, "measurement_unit": "\u0433\u0440\u0430\u043c\u043c"}}, {"model": "recipes.ingredient", "pk": 15, "fields": {"name": "\u041a\u0435\u0442\u0447\u0443\u043f", "count": 40, "measurement_unit": "\u0433\u0440\u0430\u043c\u043c"}}, {"model": "recipes.ingredient", "pk": 16, "fields": {"name": "\u041f\u0430\u043f\u0440\u0438\u043a\u0430", "count": 5, "measurement_unit": "\u0433\u0440\u0430\u043c\u043c"}}, {"model": "recipes.ingredientrecipe", "pk": 35, "fields": {"ingredient": 8, "recipe": 24, "amount": 10}}, {"model": "recipes.ingredientrecipe", "pk": 36, "fields": {"ingredient": 1, "recipe": 25, "amount": 10}}, {"model": "recipes.ingredientrecipe", "pk": 37, "fields": {"ingredient": 2, "recipe": 25, "amount": 20}}, {"model": "recipes.ingredientrecipe", "pk": 38, "fields": {"ingredient": 13, "recipe": 26, "amount": 100}}, {"model": "recipes.ingredientrecipe", "pk": 39, "fields": {"ingredient": 5, "recipe": 26, "amount": 50}}, {"model": "recipes.ingredientrecipe", "pk": 40, "fields": {"ingredient": 4, "recipe": 26, "amount": 50}}, {"model": "auth.permission", "pk": 1, "fields": {"name": "Can add log entry", "content_type": 1, "codename": "add_logentry"}}, {"model": "auth.permission", "pk": 2, "fields": {"name": "Can change log entry", "content_type": 1, "codename": "change_logentry"}}, {"model": "auth.permission", "pk": 3, "fields": {"name": "Can delete log entry", "content_type": 1, "codename": "delete_logentry"}}, {"model": "auth.permission", "pk": 4, "fields": {"name": "Can view log entry", "content_type": 1, "codename": "view_logentry"}}, {"model": "auth.permission", "pk": 5, "fields": {"name": "Can add permission", "content_type": 2, "codename": "add_permission"}}, {"model": "auth.permission", "pk": 6, "fields": {"name": "Can change permission", "content_type": 2, "codename": "change_permission"}}, {"model": "auth.permission", "pk": 7, "fields": {"name": "Can delete permission", "content_type": 2, "codename": "delete_permission"}}, {"model": "auth.permission", "pk": 8, "fields": {"name": "Can view permission", "content_type": 2, "codename": "view_permission"}}, {"model": "auth.permission", "pk": 9, "fields": {"name": "Can add group", "content_type": 3, "codename": "add_group"}}, {"model": "auth.permission", "pk": 10, "fields": {"name": "Can change group", "content_type": 3, "codename": "change_group"}}, {"model": "auth.permission", "pk": 11, "fields": {"name": "Can delete group", "content_type": 3, "codename": "delete_group"}}, {"model": "auth.permission", "pk": 12, "fields": {"name": "Can view group", "content_type": 3, "codename": "view_group"}}, {"model": "auth.permission", "pk": 13, "fields": {"name": "Can add content type", "content_type": 4, "codename": "add_contenttype"}}, {"model": "auth.permission", "pk": 14, "fields": {"name": "Can change content type", "content_type": 4, "codename": "change_contenttype"}}, {"model": "auth.permission", "pk": 15, "fields": {"name": "Can delete content type", "content_type": 4, "codename": "delete_contenttype"}}, {"model": "auth.permission", "pk": 16, "fields": {"name": "Can view content type", "content_type": 4, "codename": "view_contenttype"}}, {"model": "auth.permission", "pk": 17, "fields": {"name": "Can add session", "content_type": 5, "codename": "add_session"}}, {"model": "auth.permission", "pk": 18, "fields": {"name": "Can change session", "content_type": 5, "codename": "change_session"}}, {"model": "auth.permission", "pk": 19, "fields": {"name": "Can delete session", "content_type": 5, "codename": "delete_session"}}, {"model": "auth.permission", "pk": 20, "fields": {"name": "Can view session", "content_type": 5, "codename": "view_session"}}, {"model": "auth.permission", "pk": 21, "fields": {"name": "Can add Token", "content_type": 6, "codename": "add_token"}}, {"model": "auth.permission", "pk": 22, "fields": {"name": "Can change Token", "content_type": 6, "codename": "change_token"}}, {"model": "auth.permission", "pk": 23, "fields": {"name": "Can delete Token", "content_type": 6, "codename": "delete_token"}}, {"model": "auth.permission", "pk": 24, "fields": {"name": "Can view Token", "content_type": 6, "codename": "view_token"}}, {"model": "auth.permission", "pk": 25, "fields": {"name": "Can add token", "content_type": 7, "codename": "add_tokenproxy"}}, {"model": "auth.permission", "pk": 26, "fields": {"name": "Can change token", "content_type": 7, "codename": "change_tokenproxy"}}, {"model": "auth.permission", "pk": 27, "fields": {"name": "Can delete token", "content_type": 7, "codename": "delete_tokenproxy"}}, {"model": "auth.permission", "pk": 28, "fields": {"name": "Can view token", "content_type": 7, "codename": "view_tokenproxy"}}, {"model": "auth.permission", "pk": 29, "fields": {"name": "Can add \u0418\u043d\u0433\u0440\u0438\u0434\u0438\u0435\u043d\u0442", "content_type": 8, "codename": "add_ingredient"}}, {"model": "auth.permission", "pk": 30, "fields": {"name": "Can change \u0418\u043d\u0433\u0440\u0438\u0434\u0438\u0435\u043d\u0442", "content_type": 8, "codename": "change_ingredient"}}, {"model": "auth.permission", "pk": 31, "fields": {"name": "Can delete \u0418\u043d\u0433\u0440\u0438\u0434\u0438\u0435\u043d\u0442", "content_type": 8, "codename": "delete_ingredient"}}, {"model": "auth.permission", "pk": 32, "fields": {"name": "Can view \u0418\u043d\u0433\u0440\u0438\u0434\u0438\u0435\u043d\u0442", "content_type": 8, "codename": "view_ingredient"}}, {"model": "auth.permission", "pk": 33, "fields": {"name": "Can add \u0418\u043d\u0433\u0440\u0435\u0434\u0438\u0435\u043d\u0442 - \u0420\u0435\u0446\u0435\u043f\u0442", "content_type": 9, "codename": "add_ingredientrecipe"}}, {"model": "auth.permission", "pk": 34, "fields": {"name": "Can change \u0418\u043d\u0433\u0440\u0435\u0434\u0438\u0435\u043d\u0442 - \u0420\u0435\u0446\u0435\u043f\u0442", "content_type": 9, "codename": "change_ingredientrecipe"}}, {"model": "auth.permission", "pk": 35, "fields": {"name": "Can delete \u0418\u043d\u0433\u0440\u0435\u0434\u0438\u0435\u043d\u0442 - \u0420\u0435\u0446\u0435\u043f\u0442", "content_type": 9, "codename": "delete_ingredientrecipe"}}, {"model": "auth.permission", "pk": 36, "fields": {"name": "Can view \u0418\u043d\u0433\u0440\u0435\u0434\u0438\u0435\u043d\u0442 - \u0420\u0435\u0446\u0435\u043f\u0442", "content_type": 9, "codename": "view_ingredientrecipe"}}, {"model": "auth.permission", "pk": 37, "fields": {"name": "Can add \u0420\u0435\u0446\u0435\u043f\u0442", "content_type": 10, "codename": "add_recipe"}}, {"model": "auth.permission", "pk": 38, "fields": {"name": "Can change \u0420\u0435\u0446\u0435\u043f\u0442", "content_type": 10, "codename": "change_recipe"}}, {"model": "auth.permission", "pk": 39, "fields": {"name": "Can delete \u0420\u0435\u0446\u0435\u043f\u0442", "content_type": 10, "codename": "delete_recipe"}}, {"model": "auth.permission", "pk": 40, "fields": {"name": "Can view \u0420\u0435\u0446\u0435\u043f\u0442", "content_type": 10, "codename": "view_recipe"}}, {"model": "auth.permission", "pk": 41, "fields": {"name": "Can add \u0422\u0435\u0433", "content_type": 11, "codename": "add_tag"}}, {"model": "auth.permission", "pk": 42, "fields": {"name": "Can change \u0422\u0435\u0433", "content_type": 11, "codename": "change_tag"}}, {"model": "auth.permission", "pk": 43, "fields": {"name": "Can delete \u0422\u0435\u0433", "content_type": 11, "codename": "delete_tag"}}, {"model": "auth.permission", "pk": 44, "fields": {"name": "Can view \u0422\u0435\u0433", "content_type": 11, "codename": "view_tag"}}, {"model": "auth.permission", "pk": 45, "fields": {"name": "Can add \u041f\u043e\u043b\u044c\u0437\u043e\u0432\u0430\u0442\u0435\u043b\u044c", "content_type": 12, "codename": "add_user"}}, {"model": "auth.permission", "pk": 46, "fields": {"name": "Can change \u041f\u043e\u043b\u044c\u0437\u043e\u0432\u0430\u0442\u0435\u043b\u044c", "content_type": 12, "codename": "change_user"}}, {"model": "auth.permission", "pk": 47, "fields": {"name": "Can delete \u041f\u043e\u043b\u044c\u0437\u043e\u0432\u0430\u0442\u0435\u043b\u044c", "content_type": 12, "codename": "delete_user"}}, {"model": "auth.permission", "pk": 48, "fields": {"name": "Can view \u041f\u043e\u043b\u044c\u0437\u043e\u0432\u0430\u0442\u0435\u043b\u044c", "content_type": 12, "codename": "view_user"}}, {"model": "users.user", "pk": 1, "fields": {"last_login": "2022-03-24T23:18:41.986Z", "is_superuser": true, "is_staff": true, "is_active": true, "date_joined": "2022-03-15T21:53:02.250Z", "username": "admin", "password": "pbkdf2_sha256$150000$7zFhxwZ0i1yS$Y2XlV9QWMTLeMWuaufKLDXXax96s8CJM7Wmy/RUbR1Y=", "email": "HeyAslan@yandex.ru", "bio": "", "role": "auth_user", "first_name": "", "last_name": "", "groups": [], "user_permissions": [], "subscribe": []}}, {"model": "users.user", "pk": 6, "fields": {"last_login": "2022-03-25T11:37:51.396Z", "is_superuser": false, "is_staff": false, "is_active": true, "date_joined": "2022-03-16T11:32:14.070Z", "username": "aslan", "password": "pbkdf2_sha256$150000$cQmRxcH2Hmbu$F+TcJXsOQzPAKOiiFlpmjbaMSA3Wcyu384IkuXle+Ns=", "email": "aslan@yandex.ru", "bio": "", "role": "auth_user", "first_name": "\u0412\u0430\u0441\u044f", "last_name": "\u041f\u0443\u043f\u043a\u0438\u043d", "groups": [], "user_permissions": [], "subscribe": [11]}}, {"model": "users.user", "pk": 7, "fields": {"last_login": "2022-03-16T11:57:38.199Z", "is_superuser": false, "is_staff": false, "is_active": true, "date_joined": "2022-03-16T11:37:39.872Z", "username": "baslan", "password": "pbkdf2_sha256$150000$LujKmD6qHioU$hAB1FzdJyFJHmPcNAD3Xiaj8mQrZPLIGYd5MNNBXMcg=", "email": "baslan@yandex.ru", "bio": "", "role": "auth_user", "first_name": "\u0412\u0430\u0441\u044f", "last_name": "\u041f\u0443\u043f\u043a\u0438\u043d", "groups": [], "user_permissions": [], "subscribe": []}}, {"model": "users.user", "pk": 8, "fields": {"last_login": null, "is_superuser": false, "is_staff": false, "is_active": true, "date_joined": "2022-03-16T11:37:46.206Z", "username": "daslan", "password": "pbkdf2_sha256$150000$oaME7bFzk65R$JN8gx/Qrc9J485PvdsgXQF7etGw56OkD5njiQJlxMrI=", "email": "daslan@yandex.ru", "bio": "", "role": "auth_user", "first_name": "\u0412\u0430\u0441\u044f", "last_name": "\u041f\u0443\u043f\u043a\u0438\u043d", "groups": [], "user_permissions": [], "subscribe": []}}, {"model": "users.user", "pk": 9, "fields": {"last_login": null, "is_superuser": false, "is_staff": false, "is_active": true, "date_joined": "2022-03-16T11:37:51.233Z", "username": "saslan", "password": "pbkdf2_sha256$150000$whNTMKEsdTTk$Ule9ENrrP9KostQgjB6aBZN7sVyhyq9VGUzx4ykWwsc=", "email": "saslan@yandex.ru", "bio": "", "role": "auth_user", "first_name": "\u0412\u0430\u0441\u044f", "last_name": "\u041f\u0443\u043f\u043a\u0438\u043d", "groups": [], "user_permissions": [], "subscribe": []}}, {"model": "users.user", "pk": 10, "fields": {"last_login": null, "is_superuser": false, "is_staff": false, "is_active": true, "date_joined": "2022-03-16T11:37:57.595Z", "username": "gaslan", "password": "pbkdf2_sha256$150000$jH8OcgrTEmcX$vAX0F+pJo0TLYU2uaUJt/kzMAjX7Zp0KoLDc5x917fQ=", "email": "gaslan@yandex.ru", "bio": "", "role": "auth_user", "first_name": "\u0412\u0430\u0441\u044f", "last_name": "\u041f\u0443\u043f\u043a\u0438\u043d", "groups": [], "user_permissions": [], "subscribe": []}}, {"model": "users.user", "pk": 11, "fields": {"last_login": null, "is_superuser": false, "is_staff": false, "is_active": true, "date_joined": "2022-03-16T11:38:05.616Z", "username": "maslan", "password": "pbkdf2_sha256$150000$zba10MROtO6p$ohzHqKB9ffNsFOr/Jd8pB79GvndbnmIu4h7h308kYh8=", "email": "maslan@yandex.ru", "bio": "", "role": "auth_user", "first_name": "\u0412\u0430\u0441\u044f", "last_name": "\u041f\u0443\u043f\u043a\u0438\u043d", "groups": [], "user_permissions": [], "subscribe": []}}, {"model": "users.user", "pk": 12, "fields": {"last_login": "2022-03-19T17:04:54.019Z", "is_superuser": false, "is_staff": false, "is_active": true, "date_joined": "2022-03-19T17:04:50.098Z", "username": "malter", "password": "pbkdf2_sha256$150000$j5SW8nF7RHhH$RF4KDqHWPR9pS0QtXnV3nK5iFPhWGIDxl7EHQB2vlaU=", "email": "0maximq@gmail.com", "bio": "", "role": "auth_user", "first_name": "\u041c\u0430\u043a\u0441\u0438\u043c", "last_name": "\u041b\u044e\u0431\u0438\u0435\u0432", "groups": [], "user_permissions": [], "subscribe": []}}, {"model": "users.user", "pk": 13, "fields": {"last_login": "2022-03-19T19:03:10.629Z", "is_superuser": false, "is_staff": false, "is_active": true, "date_joined": "2022-03-19T19:03:03.625Z", "username": "aslan1", "password": "pbkdf2_sha256$150000$amG56NkUm7fN$VlawCNlzx69w50fii5IU+SrUBaqw/RMmT8nUdGZbfBg=", "email": "30101997@mail.ru", "bio": "", "role": "auth_user", "first_name": "aslan", "last_name": "gurbanlv", "groups": [], "user_permissions": [], "subscribe": []}}, {"model": "users.user", "pk": 14, "fields": {"last_login": "2022-03-24T23:16:59.706Z", "is_superuser": false, "is_staff": false, "is_active": true, "date_joined": "2022-03-24T23:06:25.874Z", "username": "anton", "password": "pbkdf2_sha256$150000$B0NR22PaejiC$ec/7Og0x9aC/NsAf6rkAHPqsIthB2qnDa1VHr0fJVIc=", "email": "anton@yandex.ru", "bio": "", "role": "auth_user", "first_name": "anton", "last_name": "fominov", "groups": [], "user_permissions": [], "subscribe": [6]}}, {"model": "recipes.recipe", "pk": 24, "fields": {"author": 6, "name": "\u042f\u0438\u0447\u043d\u0438\u0446\u0430", "image": "yaichnica_obichnaya-384161_CAFOJH6.jpeg", "text": "1. \u041e\u0442\u0432\u0430\u0440\u0438\u0442\u044c \u044f\u0439\u0446\u0430\r\n2. \u0412\u044b\u043b\u043e\u0436\u0438\u0442\u044c \u043d\u0430 \u0442\u0430\u0440\u0435\u043b\u043a\u0443", "cooking_time": 20, "pub_date": "2022-03-24T23:02:25.896Z", "ingredients": [], "tags": [1], "favorite": [], "in_cart": []}}, {"model": "recipes.recipe", "pk": 25, "fields": {"author": 6, "name": "\u041a\u0430\u0440\u0442\u043e\u0448\u043a\u0430", "image": "kartofel_fri_v_domashnih_usloviyah-36496.jpeg", "text": "1. \u041f\u043e\u0436\u0430\u0440\u0438\u0442\u044c \u043a\u0430\u0440\u0442\u043e\u0448\u043a\u0443\r\n2. \u041f\u043e\u0436\u0430\u0440\u0438\u0442\u044c \u043b\u0443\u043a\r\n3. \u0421\u043c\u0435\u0448\u0430\u0442\u044c", "cooking_time": 20, "pub_date": "2022-03-24T23:03:09.380Z", "ingredients": [], "tags": [2, 3], "favorite": [14], "in_cart": []}}, {"model": "recipes.recipe", "pk": 26, "fields": {"author": 14, "name": "\u041c\u044f\u0441\u043e \u043d\u0430 \u0433\u0440\u0438\u043b\u0435", "image": "1597908041_0_0_3072_2048_1920x0_80_0_0_8bad957f9348ada0fd8cea3aaeaf250f.jpeg", "text": "1. \u0416\u0430\u0440\u0438\u043c \u043c\u044f\u0441\u043e \u043d\u0430 \u0433\u0440\u0438\u043b\u0435\r\n2. \u0414\u043e\u0431\u0430\u0432\u043b\u044f\u0435\u043c \u0441\u043f\u0435\u0446\u0438\u0438\r\n3. \u0413\u043e\u0442\u043e\u0432\u0438\u043c\u0441\u044f \u0435\u0441\u0442\u044c", "cooking_time": 25, "pub_date": "2022-03-24T23:07:45.078Z", "ingredients": [], "tags": [2, 3], "favorite": [14], "in_cart": [6]}}, {"model": "authtoken.token", "pk": "31fe0b41de09cdcd3b1e26f6bc3f4039a8ab73d9", "fields": {"user": 7, "created": "2022-03-16T11:57:38.198Z"}}, {"model": "authtoken.token", "pk": "7a0c40f5c675240cd99e8337d550f38b053e9001", "fields": {"user": 6, "created": "2022-03-25T11:37:51.394Z"}}, {"model": "authtoken.token", "pk": "d17bbe54561e298187b30554cd1970792f1278a6", "fields": {"user": 12, "created": "2022-03-19T17:04:54.014Z"}}, {"model": "admin.logentry", "pk": 1, "fields": {"action_time": "2022-03-15T21:53:39.766Z", "user": 1, "content_type": 8, "object_id": "1", "object_repr": "Ingredient object (1)", "action_flag": 1, "change_message": "[{\"added\": {}}]"}}, {"model": "admin.logentry", "pk": 2, "fields": {"action_time": "2022-03-15T21:53:47.038Z", "user": 1, "content_type": 8, "object_id": "2", "object_repr": "Ingredient object (2)", "action_flag": 1, "change_message": "[{\"added\": {}}]"}}, {"model": "admin.logentry", "pk": 3, "fields": {"action_time": "2022-03-15T21:53:53.143Z", "user": 1, "content_type": 8, "object_id": "3", "object_repr": "Ingredient object (3)", "action_flag": 1, "change_message": "[{\"added\": {}}]"}}, {"model": "admin.logentry", "pk": 4, "fields": {"action_time": "2022-03-15T21:54:04.024Z", "user": 1, "content_type": 8, "object_id": "4", "object_repr": "Ingredient object (4)", "action_flag": 1, "change_message": "[{\"added\": {}}]"}}, {"model": "admin.logentry", "pk": 5, "fields": {"action_time": "2022-03-15T21:54:12.793Z", "user": 1, "content_type": 8, "object_id": "5", "object_repr": "Ingredient object (5)", "action_flag": 1, "change_message": "[{\"added\": {}}]"}}, {"model": "admin.logentry", "pk": 6, "fields": {"action_time": "2022-03-15T21:54:34.678Z", "user": 1, "content_type": 11, "object_id": "1", "object_repr": "Tag object (1)", "action_flag": 1, "change_message": "[{\"added\": {}}]"}}, {"model": "admin.logentry", "pk": 7, "fields": {"action_time": "2022-03-15T21:54:42.908Z", "user": 1, "content_type": 11, "object_id": "2", "object_repr": "Tag object (2)", "action_flag": 1, "change_message": "[{\"added\": {}}]"}}, {"model": "admin.logentry", "pk": 8, "fields": {"action_time": "2022-03-15T21:55:27.743Z", "user": 1, "content_type": 11, "object_id": "3", "object_repr": "Tag object (3)", "action_flag": 1, "change_message": "[{\"added\": {}}]"}}, {"model": "admin.logentry", "pk": 9, "fields": {"action_time": "2022-03-15T21:58:43.499Z", "user": 1, "content_type": 8, "object_id": "6", "object_repr": "Ingredient object (6)", "action_flag": 1, "change_message": "[{\"added\": {}}]"}}, {"model": "admin.logentry", "pk": 10, "fields": {"action_time": "2022-03-15T21:59:26.456Z", "user": 1, "content_type": 10, "object_id": "1", "object_repr": "Recipe object (1)", "action_flag": 1, "change_message": "[{\"added\": {}}]"}}, {"model": "admin.logentry", "pk": 11, "fields": {"action_time": "2022-03-15T22:08:09.145Z", "user": 1, "content_type": 10, "object_id": "2", "object_repr": "Recipe object (2)", "action_flag": 1, "change_message": "[{\"added\": {}}]"}}, {"model": "admin.logentry", "pk": 12, "fields": {"action_time": "2022-03-15T22:09:02.698Z", "user": 1, "content_type": 10, "object_id": "3", "object_repr": "Recipe object (3)", "action_flag": 1, "change_message": "[{\"added\": {}}]"}}, {"model": "admin.logentry", "pk": 13, "fields": {"action_time": "2022-03-15T23:49:25.597Z", "user": 1, "content_type": 10, "object_id": "4", "object_repr": "Recipe object (4)", "action_flag": 1, "change_message": "[{\"added\": {}}]"}}, {"model": "admin.logentry", "pk": 14, "fields": {"action_time": "2022-03-16T12:58:45.555Z", "user": 1, "content_type": 10, "object_id": "1", "object_repr": "Recipe object (1)", "action_flag": 3, "change_message": ""}}, {"model": "admin.logentry", "pk": 15, "fields": {"action_time": "2022-03-16T12:58:45.556Z", "user": 1, "content_type": 10, "object_id": "2", "object_repr": "Recipe object (2)", "action_flag": 3, "change_message": ""}}, {"model": "admin.logentry", "pk": 16, "fields": {"action_time": "2022-03-16T12:58:45.557Z", "user": 1, "content_type": 10, "object_id": "3", "object_repr": "Recipe object (3)", "action_flag": 3, "change_message": ""}}, {"model": "admin.logentry", "pk": 17, "fields": {"action_time": "2022-03-18T17:45:23.848Z", "user": 1, "content_type": 10, "object_id": "8", "object_repr": "\u041f\u044e\u0440\u0435", "action_flag": 2, "change_message": "[{\"changed\": {\"fields\": [\"name\", \"text\"]}}]"}}, {"model": "admin.logentry", "pk": 18, "fields": {"action_time": "2022-03-18T17:45:23.852Z", "user": 1, "content_type": 10, "object_id": "7", "object_repr": "\u041f\u0438\u0446\u0446\u0430", "action_flag": 2, "change_message": "[{\"changed\": {\"fields\": [\"name\", \"text\"]}}]"}}, {"model": "admin.logentry", "pk": 19, "fields": {"action_time": "2022-03-18T17:45:23.855Z", "user": 1, "content_type": 10, "object_id": "6", "object_repr": "\u041a\u0430\u0440\u0442\u043e\u0448\u043a\u0430", "action_flag": 2, "change_message": "[{\"changed\": {\"fields\": [\"name\", \"text\"]}}]"}}, {"model": "admin.logentry", "pk": 20, "fields": {"action_time": "2022-03-18T17:45:31.990Z", "user": 1, "content_type": 10, "object_id": "8", "object_repr": "\u041f\u044e\u0440\u0435", "action_flag": 2, "change_message": "[{\"changed\": {\"fields\": [\"image\"]}}]"}}, {"model": "admin.logentry", "pk": 21, "fields": {"action_time": "2022-03-18T17:45:38.844Z", "user": 1, "content_type": 10, "object_id": "7", "object_repr": "\u041f\u0438\u0446\u0446\u0430", "action_flag": 2, "change_message": "[{\"changed\": {\"fields\": [\"image\"]}}]"}}, {"model": "admin.logentry", "pk": 22, "fields": {"action_time": "2022-03-18T17:45:50.202Z", "user": 1, "content_type": 10, "object_id": "6", "object_repr": "\u041a\u0430\u0440\u0442\u043e\u0448\u043a\u0430", "action_flag": 2, "change_message": "[{\"changed\": {\"fields\": [\"image\"]}}]"}}, {"model": "admin.logentry", "pk": 23, "fields": {"action_time": "2022-03-18T17:46:32.400Z", "user": 1, "content_type": 11, "object_id": "1", "object_repr": "\u0417\u0430\u0432\u0442\u0440\u0430\u043a", "action_flag": 2, "change_message": "[{\"changed\": {\"fields\": [\"color\"]}}]"}}, {"model": "admin.logentry", "pk": 24, "fields": {"action_time": "2022-03-18T17:46:48.201Z", "user": 1, "content_type": 11, "object_id": "2", "object_repr": "\u041e\u0431\u0435\u0434", "action_flag": 2, "change_message": "[{\"changed\": {\"fields\": [\"color\"]}}]"}}, {"model": "admin.logentry", "pk": 25, "fields": {"action_time": "2022-03-18T17:47:09.626Z", "user": 1, "content_type": 11, "object_id": "3", "object_repr": "\u0423\u0436\u0438\u043d", "action_flag": 2, "change_message": "[{\"changed\": {\"fields\": [\"color\"]}}]"}}, {"model": "admin.logentry", "pk": 26, "fields": {"action_time": "2022-03-18T17:48:34.521Z", "user": 1, "content_type": 10, "object_id": "9", "object_repr": "\u042f\u0438\u0448\u043d\u0438\u0446\u0430", "action_flag": 1, "change_message": "[{\"added\": {}}, {\"added\": {\"name\": \"\\u0421\\u0432\\u044f\\u0437\\u044c recipe-ingredient\", \"object\": \"Recipe_ingredients object (1)\"}}, {\"added\": {\"name\": \"\\u0421\\u0432\\u044f\\u0437\\u044c recipe-ingredient\", \"object\": \"Recipe_ingredients object (2)\"}}, {\"added\": {\"name\": \"\\u0421\\u0432\\u044f\\u0437\\u044c recipe-ingredient\", \"object\": \"Recipe_ingredients object (3)\"}}]"}}, {"model": "admin.logentry", "pk": 27, "fields": {"action_time": "2022-03-18T17:49:36.022Z", "user": 1, "content_type": 10, "object_id": "10", "object_repr": "\u041f\u043b\u043e\u0432", "action_flag": 1, "change_message": "[{\"added\": {}}, {\"added\": {\"name\": \"\\u0421\\u0432\\u044f\\u0437\\u044c recipe-ingredient\", \"object\": \"Recipe_ingredients object (4)\"}}, {\"added\": {\"name\": \"\\u0421\\u0432\\u044f\\u0437\\u044c recipe-ingredient\", \"object\": \"Recipe_ingredients object (5)\"}}, {\"added\": {\"name\": \"\\u0421\\u0432\\u044f\\u0437\\u044c recipe-ingredient\", \"object\": \"Recipe_ingredients object (6)\"}}]"}}, {"model": "admin.logentry", "pk": 28, "fields": {"action_time": "2022-03-18T17:50:35.056Z", "user": 1, "content_type": 10, "object_id": "11", "object_repr": "\u041c\u044f\u0441\u043e", "action_flag": 1, "change_message": "[{\"added\": {}}, {\"added\": {\"name\": \"\\u0421\\u0432\\u044f\\u0437\\u044c recipe-ingredient\", \"object\": \"Recipe_ingredients object (7)\"}}, {\"added\": {\"name\": \"\\u0421\\u0432\\u044f\\u0437\\u044c recipe-ingredient\", \"object\": \"Recipe_ingredients object (8)\"}}]"}}, {"model": "admin.logentry", "pk": 29, "fields": {"action_time": "2022-03-18T17:52:04.785Z", "user": 1, "content_type": 10, "object_id": "12", "object_repr": "\u041a\u043e\u0444\u0435", "action_flag": 1, "change_message": "[{\"added\": {}}, {\"added\": {\"name\": \"\\u0421\\u0432\\u044f\\u0437\\u044c recipe-ingredient\", \"object\": \"Recipe_ingredients object (9)\"}}]"}}, {"model": "admin.logentry", "pk": 30, "fields": {"action_time": "2022-03-19T15:14:51.512Z", "user": 1, "content_type": 10, "object_id": "12", "object_repr": "\u041a\u043e\u0444\u0435", "action_flag": 2, "change_message": "[{\"changed\": {\"fields\": [\"image\"]}}]"}}, {"model": "admin.logentry", "pk": 31, "fields": {"action_time": "2022-03-19T15:14:59.262Z", "user": 1, "content_type": 10, "object_id": "11", "object_repr": "\u041c\u044f\u0441\u043e", "action_flag": 2, "change_message": "[{\"changed\": {\"fields\": [\"image\"]}}]"}}, {"model": "admin.logentry", "pk": 32, "fields": {"action_time": "2022-03-19T15:15:07.365Z", "user": 1, "content_type": 10, "object_id": "10", "object_repr": "\u041f\u043b\u043e\u0432", "action_flag": 2, "change_message": "[{\"changed\": {\"fields\": [\"image\"]}}]"}}, {"model": "admin.logentry", "pk": 33, "fields": {"action_time": "2022-03-19T15:15:19.639Z", "user": 1, "content_type": 10, "object_id": "9", "object_repr": "\u042f\u0438\u0448\u043d\u0438\u0446\u0430", "action_flag": 2, "change_message": "[{\"changed\": {\"fields\": [\"image\"]}}]"}}, {"model": "admin.logentry", "pk": 34, "fields": {"action_time": "2022-03-19T15:15:26.833Z", "user": 1, "content_type": 10, "object_id": "8", "object_repr": "\u041f\u044e\u0440\u0435", "action_flag": 2, "change_message": "[{\"changed\": {\"fields\": [\"image\"]}}]"}}, {"model": "admin.logentry", "pk": 35, "fields": {"action_time": "2022-03-19T15:15:34.244Z", "user": 1, "content_type": 10, "object_id": "7", "object_repr": "\u041f\u0438\u0446\u0446\u0430", "action_flag": 2, "change_message": "[{\"changed\": {\"fields\": [\"image\"]}}]"}}, {"model": "admin.logentry", "pk": 36, "fields": {"action_time": "2022-03-19T15:15:42.455Z", "user": 1, "content_type": 10, "object_id": "6", "object_repr": "\u041a\u0430\u0440\u0442\u043e\u0448\u043a\u0430", "action_flag": 2, "change_message": "[{\"changed\": {\"fields\": [\"image\"]}}]"}}, {"model": "admin.logentry", "pk": 37, "fields": {"action_time": "2022-03-19T15:20:48.503Z", "user": 1, "content_type": 10, "object_id": "12", "object_repr": "\u041a\u043e\u0444\u0435", "action_flag": 3, "change_message": ""}}, {"model": "admin.logentry", "pk": 38, "fields": {"action_time": "2022-03-19T15:20:48.508Z", "user": 1, "content_type": 10, "object_id": "11", "object_repr": "\u041c\u044f\u0441\u043e", "action_flag": 3, "change_message": ""}}, {"model": "admin.logentry", "pk": 39, "fields": {"action_time": "2022-03-19T15:20:48.512Z", "user": 1, "content_type": 10, "object_id": "10", "object_repr": "\u041f\u043b\u043e\u0432", "action_flag": 3, "change_message": ""}}, {"model": "admin.logentry", "pk": 40, "fields": {"action_time": "2022-03-19T15:20:48.516Z", "user": 1, "content_type": 10, "object_id": "9", "object_repr": "\u042f\u0438\u0448\u043d\u0438\u0446\u0430", "action_flag": 3, "change_message": ""}}, {"model": "admin.logentry", "pk": 41, "fields": {"action_time": "2022-03-19T15:20:48.522Z", "user": 1, "content_type": 10, "object_id": "8", "object_repr": "\u041f\u044e\u0440\u0435", "action_flag": 3, "change_message": ""}}, {"model": "admin.logentry", "pk": 42, "fields": {"action_time": "2022-03-19T15:20:48.531Z", "user": 1, "content_type": 10, "object_id": "7", "object_repr": "\u041f\u0438\u0446\u0446\u0430", "action_flag": 3, "change_message": ""}}, {"model": "admin.logentry", "pk": 43, "fields": {"action_time": "2022-03-19T15:20:48.541Z", "user": 1, "content_type": 10, "object_id": "6", "object_repr": "\u041a\u0430\u0440\u0442\u043e\u0448\u043a\u0430", "action_flag": 3, "change_message": ""}}, {"model": "admin.logentry", "pk": 44, "fields": {"action_time": "2022-03-19T19:05:30.894Z", "user": 1, "content_type": 10, "object_id": "19", "object_repr": "\u041a\u043e\u0444\u0435", "action_flag": 2, "change_message": "[{\"changed\": {\"fields\": [\"author\"]}}]"}}, {"model": "admin.logentry", "pk": 45, "fields": {"action_time": "2022-03-19T19:05:43.587Z", "user": 1, "content_type": 10, "object_id": "18", "object_repr": "\u041f\u043b\u043e\u0432", "action_flag": 2, "change_message": "[{\"changed\": {\"fields\": [\"author\"]}}]"}}, {"model": "admin.logentry", "pk": 46, "fields": {"action_time": "2022-03-19T19:05:58.756Z", "user": 1, "content_type": 10, "object_id": "13", "object_repr": "dfdsfdsf", "action_flag": 2, "change_message": "[{\"changed\": {\"fields\": [\"author\"]}}]"}}, {"model": "admin.logentry", "pk": 47, "fields": {"action_time": "2022-03-19T19:06:07.367Z", "user": 1, "content_type": 10, "object_id": "14", "object_repr": "\u042f\u0438\u0447\u043d\u0438\u0446\u0430", "action_flag": 2, "change_message": "[{\"changed\": {\"fields\": [\"author\"]}}]"}}, {"model": "admin.logentry", "pk": 48, "fields": {"action_time": "2022-03-19T19:06:16.163Z", "user": 1, "content_type": 10, "object_id": "15", "object_repr": "\u041a\u0430\u0440\u0442\u043e\u0448\u043a\u0430 \u0444\u0440\u0438", "action_flag": 2, "change_message": "[{\"changed\": {\"fields\": [\"author\"]}}]"}}, {"model": "admin.logentry", "pk": 49, "fields": {"action_time": "2022-03-19T19:06:24.672Z", "user": 1, "content_type": 10, "object_id": "16", "object_repr": "\u0417\u0430\u043f\u0435\u043a\u0430\u043d\u043a\u0430", "action_flag": 2, "change_message": "[{\"changed\": {\"fields\": [\"author\"]}}]"}}, {"model": "admin.logentry", "pk": 50, "fields": {"action_time": "2022-03-19T19:09:51.223Z", "user": 1, "content_type": 8, "object_id": "7", "object_repr": "\u0421\u043e\u043b\u044c", "action_flag": 1, "change_message": "[{\"added\": {}}]"}}, {"model": "admin.logentry", "pk": 51, "fields": {"action_time": "2022-03-19T19:10:10.558Z", "user": 1, "content_type": 8, "object_id": "8", "object_repr": "\u042f\u0439\u0446\u0430", "action_flag": 1, "change_message": "[{\"added\": {}}]"}}, {"model": "admin.logentry", "pk": 52, "fields": {"action_time": "2022-03-19T19:10:43.912Z", "user": 1, "content_type": 8, "object_id": "9", "object_repr": "\u0423\u043a\u0440\u043e\u043f", "action_flag": 1, "change_message": "[{\"added\": {}}]"}}, {"model": "admin.logentry", "pk": 53, "fields": {"action_time": "2022-03-19T19:10:55.202Z", "user": 1, "content_type": 8, "object_id": "10", "object_repr": "\u041f\u0435\u0442\u0440\u0443\u0448\u043a\u0430", "action_flag": 1, "change_message": "[{\"added\": {}}]"}}, {"model": "admin.logentry", "pk": 54, "fields": {"action_time": "2022-03-19T19:12:42.836Z", "user": 1, "content_type": 8, "object_id": "11", "object_repr": "\u041c\u0443\u043a\u0430", "action_flag": 1, "change_message": "[{\"added\": {}}]"}}, {"model": "admin.logentry", "pk": 55, "fields": {"action_time": "2022-03-19T19:12:50.294Z", "user": 1, "content_type": 8, "object_id": "12", "object_repr": "\u041c\u0443\u043a\u0430", "action_flag": 1, "change_message": "[{\"added\": {}}]"}}, {"model": "admin.logentry", "pk": 56, "fields": {"action_time": "2022-03-19T19:13:29.880Z", "user": 1, "content_type": 8, "object_id": "13", "object_repr": "\u041a\u043e\u043b\u0431\u0430\u0441\u0430", "action_flag": 1, "change_message": "[{\"added\": {}}]"}}, {"model": "admin.logentry", "pk": 57, "fields": {"action_time": "2022-03-19T19:13:38.265Z", "user": 1, "content_type": 8, "object_id": "14", "object_repr": "\u0421\u044b\u0440", "action_flag": 1, "change_message": "[{\"added\": {}}]"}}, {"model": "admin.logentry", "pk": 58, "fields": {"action_time": "2022-03-19T19:13:45.451Z", "user": 1, "content_type": 8, "object_id": "15", "object_repr": "\u041a\u0435\u0442\u0447\u0443\u043f", "action_flag": 1, "change_message": "[{\"added\": {}}]"}}, {"model": "admin.logentry", "pk": 59, "fields": {"action_time": "2022-03-19T19:13:57.045Z", "user": 1, "content_type": 8, "object_id": "16", "object_repr": "\u041f\u0430\u043f\u0440\u0438\u043a\u0430", "action_flag": 1, "change_message": "[{\"added\": {}}]"}}, {"model": "admin.logentry", "pk": 60, "fields": {"action_time": "2022-03-19T19:16:16.403Z", "user": 1, "content_type": 10, "object_id": "21", "object_repr": "\u042f\u0438\u0447\u043d\u0438\u0446\u0430 \u0434\u043e\u043c\u0430\u0448\u043d\u044f\u044f", "action_flag": 2, "change_message": "[{\"changed\": {\"fields\": [\"name\", \"text\"]}}]"}}, {"model": "admin.logentry", "pk": 61, "fields": {"action_time": "2022-03-19T19:20:13.347Z", "user": 1, "content_type": 10, "object_id": "20", "object_repr": "\u0430\u0441\u0441\u043e\u0440\u0442\u0438", "action_flag": 2, "change_message": "[{\"changed\": {\"fields\": [\"text\"]}}, {\"added\": {\"name\": \"\\u0421\\u0432\\u044f\\u0437\\u044c recipe-ingredient\", \"object\": \"Recipe_ingredients object (10)\"}}, {\"added\": {\"name\": \"\\u0421\\u0432\\u044f\\u0437\\u044c recipe-ingredient\", \"object\": \"Recipe_ingredients object (11)\"}}]"}}, {"model": "admin.logentry", "pk": 62, "fields": {"action_time": "2022-03-19T19:20:43.740Z", "user": 1, "content_type": 10, "object_id": "20", "object_repr": "\u0410\u0441\u0441\u043e\u0440\u0442\u0438", "action_flag": 2, "change_message": "[{\"changed\": {\"fields\": [\"name\"]}}]"}}, {"model": "admin.logentry", "pk": 63, "fields": {"action_time": "2022-03-19T19:20:43.749Z", "user": 1, "content_type": 10, "object_id": "19", "object_repr": "\u041a\u043e\u0444\u0435", "action_flag": 2, "change_message": "[{\"changed\": {\"fields\": [\"text\"]}}]"}}, {"model": "admin.logentry", "pk": 64, "fields": {"action_time": "2022-03-19T19:20:53.238Z", "user": 1, "content_type": 10, "object_id": "19", "object_repr": "\u041a\u043e\u0444\u0435", "action_flag": 2, "change_message": "[{\"added\": {\"name\": \"\\u0421\\u0432\\u044f\\u0437\\u044c recipe-ingredient\", \"object\": \"Recipe_ingredients object (12)\"}}]"}}, {"model": "admin.logentry", "pk": 65, "fields": {"action_time": "2022-03-19T19:26:24.206Z", "user": 1, "content_type": 10, "object_id": "18", "object_repr": "\u041f\u043b\u043e\u0432", "action_flag": 2, "change_message": "[{\"added\": {\"name\": \"\\u0421\\u0432\\u044f\\u0437\\u044c recipe-ingredient\", \"object\": \"Recipe_ingredients object (13)\"}}]"}}, {"model": "admin.logentry", "pk": 66, "fields": {"action_time": "2022-03-19T19:26:49.128Z", "user": 1, "content_type": 10, "object_id": "17", "object_repr": "\u041c\u044f\u0441\u043e \u0433\u0440\u0438\u043b\u044c", "action_flag": 2, "change_message": "[{\"changed\": {\"fields\": [\"author\"]}}]"}}, {"model": "admin.logentry", "pk": 67, "fields": {"action_time": "2022-03-19T19:34:55.524Z", "user": 1, "content_type": 10, "object_id": "13", "object_repr": "\u0411\u0443\u0442\u0435\u0440\u0431\u0440\u043e\u0434", "action_flag": 2, "change_message": "[{\"changed\": {\"fields\": [\"name\", \"text\"]}}, {\"added\": {\"name\": \"\\u0421\\u0432\\u044f\\u0437\\u044c recipe-ingredient\", \"object\": \"Recipe_ingredients object (14)\"}}, {\"added\": {\"name\": \"\\u0421\\u0432\\u044f\\u0437\\u044c recipe-ingredient\", \"object\": \"Recipe_ingredients object (15)\"}}]"}}, {"model": "admin.logentry", "pk": 68, "fields": {"action_time": "2022-03-24T22:58:03.146Z", "user": 1, "content_type": 10, "object_id": "22", "object_repr": "\u0440\u0435\u0446\u0435\u043f\u0442", "action_flag": 3, "change_message": ""}}, {"model": "admin.logentry", "pk": 69, "fields": {"action_time": "2022-03-24T22:58:03.150Z", "user": 1, "content_type": 10, "object_id": "21", "object_repr": "\u042f\u0438\u0447\u043d\u0438\u0446\u0430 \u0434\u043e\u043c\u0430\u0448\u043d\u044f\u044f", "action_flag": 3, "change_message": ""}}, {"model": "admin.logentry", "pk": 70, "fields": {"action_time": "2022-03-24T22:58:03.156Z", "user": 1, "content_type": 10, "object_id": "20", "object_repr": "\u0410\u0441\u0441\u043e\u0440\u0442\u0438", "action_flag": 3, "change_message": ""}}, {"model": "admin.logentry", "pk": 71, "fields": {"action_time": "2022-03-24T22:58:03.166Z", "user": 1, "content_type": 10, "object_id": "19", "object_repr": "\u041a\u043e\u0444\u0435", "action_flag": 3, "change_message": ""}}, {"model": "admin.logentry", "pk": 72, "fields": {"action_time": "2022-03-24T22:58:03.168Z", "user": 1, "content_type": 10, "object_id": "18", "object_repr": "\u041f\u043b\u043e\u0432", "action_flag": 3, "change_message": ""}}, {"model": "admin.logentry", "pk": 73, "fields": {"action_time": "2022-03-24T22:58:03.170Z", "user": 1, "content_type": 10, "object_id": "17", "object_repr": "\u041c\u044f\u0441\u043e \u0433\u0440\u0438\u043b\u044c", "action_flag": 3, "change_message": ""}}, {"model": "admin.logentry", "pk": 74, "fields": {"action_time": "2022-03-24T22:58:03.172Z", "user": 1, "content_type": 10, "object_id": "16", "object_repr": "\u0417\u0430\u043f\u0435\u043a\u0430\u043d\u043a\u0430", "action_flag": 3, "change_message": ""}}, {"model": "admin.logentry", "pk": 75, "fields": {"action_time": "2022-03-24T22:58:03.175Z", "user": 1, "content_type": 10, "object_id": "15", "object_repr": "\u041a\u0430\u0440\u0442\u043e\u0448\u043a\u0430 \u0444\u0440\u0438", "action_flag": 3, "change_message": ""}}, {"model": "admin.logentry", "pk": 76, "fields": {"action_time": "2022-03-24T22:58:03.176Z", "user": 1, "content_type": 10, "object_id": "14", "object_repr": "\u042f\u0438\u0447\u043d\u0438\u0446\u0430", "action_flag": 3, "change_message": ""}}, {"model": "admin.logentry", "pk": 77, "fields": {"action_time": "2022-03-24T22:58:03.178Z", "user": 1, "content_type": 10, "object_id": "13", "object_repr": "\u0411\u0443\u0442\u0435\u0440\u0431\u0440\u043e\u0434", "action_flag": 3, "change_message": ""}}, {"model": "admin.logentry", "pk": 78, "fields": {"action_time": "2022-03-24T22:58:03.179Z", "user": 1, "content_type": 10, "object_id": "12", "object_repr": "\u041a\u043e\u0444\u0435", "action_flag": 3, "change_message": ""}}, {"model": "admin.logentry", "pk": 79, "fields": {"action_time": "2022-03-24T22:58:03.181Z", "user": 1, "content_type": 10, "object_id": "11", "object_repr": "\u041c\u044f\u0441\u043e", "action_flag": 3, "change_message": ""}}, {"model": "admin.logentry", "pk": 80, "fields": {"action_time": "2022-03-24T22:58:03.182Z", "user": 1, "content_type": 10, "object_id": "10", "object_repr": "\u041f\u043b\u043e\u0432", "action_flag": 3, "change_message": ""}}, {"model": "admin.logentry", "pk": 81, "fields": {"action_time": "2022-03-24T22:58:03.184Z", "user": 1, "content_type": 10, "object_id": "9", "object_repr": "\u042f\u0438\u0448\u043d\u0438\u0446\u0430", "action_flag": 3, "change_message": ""}}, {"model": "admin.logentry", "pk": 82, "fields": {"action_time": "2022-03-24T22:58:03.185Z", "user": 1, "content_type": 10, "object_id": "8", "object_repr": "\u041f\u044e\u0440\u0435", "action_flag": 3, "change_message": ""}}, {"model": "admin.logentry", "pk": 83, "fields": {"action_time": "2022-03-24T22:58:03.187Z", "user": 1, "content_type": 10, "object_id": "7", "object_repr": "\u041f\u0438\u0446\u0446\u0430", "action_flag": 3, "change_message": ""}}, {"model": "admin.logentry", "pk": 84, "fields": {"action_time": "2022-03-24T22:58:03.188Z", "user": 1, "content_type": 10, "object_id": "6", "object_repr": "\u041a\u0430\u0440\u0442\u043e\u0448\u043a\u0430", "action_flag": 3, "change_message": ""}}, {"model": "admin.logentry", "pk": 85, "fields": {"action_time": "2022-03-24T23:00:40.845Z", "user": 1, "content_type": 10, "object_id": "23", "object_repr": "\u0442\u0435\u0441\u0442", "action_flag": 3, "change_message": ""}}, {"model": "admin.logentry", "pk": 86, "fields": {"action_time": "2022-03-24T23:19:02.180Z", "user": 1, "content_type": 10, "object_id": "26", "object_repr": "\u041c\u044f\u0441\u043e \u043d\u0430 \u0433\u0440\u0438\u043b\u0435", "action_flag": 2, "change_message": "[{\"changed\": {\"fields\": [\"text\", \"image\"]}}]"}}, {"model": "admin.logentry", "pk": 87, "fields": {"action_time": "2022-03-24T23:19:44.230Z", "user": 1, "content_type": 10, "object_id": "25", "object_repr": "\u041a\u0430\u0440\u0442\u043e\u0448\u043a\u0430", "action_flag": 2, "change_message": "[{\"changed\": {\"fields\": [\"text\", \"image\"]}}]"}}, {"model": "admin.logentry", "pk": 88, "fields": {"action_time": "2022-03-24T23:20:38.581Z", "user": 1, "content_type": 10, "object_id": "24", "object_repr": "\u042f\u0438\u0447\u043d\u0438\u0446\u0430", "action_flag": 2, "change_message": "[{\"changed\": {\"fields\": [\"text\", \"image\"]}}]"}}, {"model": "admin.logentry", "pk": 89, "fields": {"action_time": "2022-03-24T23:21:12.084Z", "user": 1, "content_type": 10, "object_id": "24", "object_repr": "\u042f\u0438\u0447\u043d\u0438\u0446\u0430", "action_flag": 2, "change_message": "[{\"changed\": {\"fields\": [\"image\"]}}]"}}]